line,rand_low,rand_high,tranche,proposed_payer,release_condition,commitment_point,cancellation_exposure,contingency
"Staff and site, months 1-2",527333,527333,L1,TIA (proposed),G0,Contracts at G0,Notice periods,15% lab
"Staff and site, months 3-6",1054667,1054667,L2,TIA (proposed),Week-8 laboratory review,Week 8,Notice periods,15% lab
Microscope imaging kit,120000,120000,L1,TIA (proposed),G0,Purchase at G0,Non-recoverable,15% lab
"Polished sections, first third (77 = 70 + 7 duplicates)",51333,51333,L1,TIA (proposed),G0,Lab order,Orders placed,15% lab
"Polished sections, remaining",102667,102667,L2,TIA (proposed),Week-8 laboratory review,Lab order,Orders placed,15% lab
"Bond tests, 20 bench composites",393600,393600,L1,Host (proposed),G0,Lab order before week 8,Orders placed,15% lab
"Automated mineralogy, 20 bench composites",656000,656000,L1,"TIA (proposed); eligibility follows belt component, unconfirmed",G0,Lab order before week 8,Orders placed,15% lab
"Automated mineralogy, 44 microscope specimens (10 cal + 30 locked + 4 repeats)",1443200,1443200,L2,TIA (proposed),Week-8 laboratory review,Fortnightly batches,Batches ordered,15% lab
"Independent review, IP and data terms, close-out",120000,120000,L2,TIA (proposed),Week-8 laboratory review,Contract,Work done,15% lab
"Bond tests, 24 shadow composites",472320,472320,R-H,Host (proposed),G1B pass,After G1B,Orders placed,15% lab
"Automated mineralogy, 24 shadow composites",787200,787200,R-M,"TIA (proposed); eligibility follows belt component, unconfirmed",G1M pass,After G1M,Orders placed,15% lab
Laboratory contingency (15% of base),859000,859000,Reserve,As line,Documented risk event,On release,As released,-
Sensor lease deposit or bench hire; edge computer,570000,900000,B1,TIA/host 50:50 (team proposal),G0,Lease signed,Deposit and cancellation fee,25% belt
"Installation, rest of sensor, belt sampling, vendor support",2710000,4350000,B2,TIA/host 50:50 (team proposal),"Bench outcome matrix, week 8",After matrix decision,Lease and vendor terms,25% belt
Belt contingency (25%),820000,1312000,Reserve,As line,Documented risk event,On release,As released,-
Pre-G0 feasibility stage (outside pilot total),0,210000,P0,TIA or host (proposed),Joint co-lead and funder approval,Written quotes,Work done,Cap
