sample_id,target_id,value,unit,basis,size_fraction,revision,timestamp
MD18@505.33-506.30,BUSHVELD:Cr2O3_%,37.25,wt%,dry_mass,none,1,2026-10-01T08:00:00
MD18@505.33-506.30,BUSHVELD:FeO_%,28.22,wt%,dry_mass,none,1,2026-10-01T08:00:00
MD18@505.33-506.30,BUSHVELD:SiO2_%,4.76,wt%,dry_mass,none,1,2026-10-01T08:00:00
MD18@505.33-506.30,BUSHVELD:MgO_%,11.66,wt%,dry_mass,none,1,2026-10-01T08:00:00
MD18@505.33-506.30,BUSHVELD:Al2O3_%,15.86,wt%,dry_mass,none,1,2026-10-01T08:00:00
MD18@505.33-506.30,BUSHVELD:CaO_%,0.75,wt%,dry_mass,none,1,2026-10-01T08:00:00
MD18 D15@502.96-503.20,BUSHVELD:Cr2O3_%,41.55,wt%,dry_mass,none,1,2026-10-01T08:00:00
MD18 D15@502.96-503.20,BUSHVELD:FeO_%,26.36,wt%,dry_mass,none,1,2026-10-01T08:00:00
MD18 D15@502.96-503.20,BUSHVELD:SiO2_%,5.63,wt%,dry_mass,none,1,2026-10-01T08:00:00
MD18 D15@502.96-503.20,BUSHVELD:MgO_%,10.73,wt%,dry_mass,none,1,2026-10-01T08:00:00
MD18 D15@502.96-503.20,BUSHVELD:Al2O3_%,13.23,wt%,dry_mass,none,1,2026-10-01T08:00:00
MD18 D15@502.96-503.20,BUSHVELD:CaO_%,0.78,wt%,dry_mass,none,1,2026-10-01T08:00:00
MD18 D16@503.26-503.73,BUSHVELD:Cr2O3_%,40.31,wt%,dry_mass,none,1,2026-10-01T08:00:00
MD18 D16@503.26-503.73,BUSHVELD:FeO_%,28.17,wt%,dry_mass,none,1,2026-10-01T08:00:00
MD18 D16@503.26-503.73,BUSHVELD:SiO2_%,3.63,wt%,dry_mass,none,1,2026-10-01T08:00:00
MD18 D16@503.26-503.73,BUSHVELD:MgO_%,10.34,wt%,dry_mass,none,1,2026-10-01T08:00:00
MD18 D16@503.26-503.73,BUSHVELD:Al2O3_%,14.96,wt%,dry_mass,none,1,2026-10-01T08:00:00
MD18 D16@503.26-503.73,BUSHVELD:CaO_%,0.95,wt%,dry_mass,none,1,2026-10-01T08:00:00
MD18 D17@505.50-506.44,BUSHVELD:Cr2O3_%,41.28,wt%,dry_mass,none,1,2026-10-01T08:00:00
MD18 D17@505.50-506.44,BUSHVELD:FeO_%,27.03,wt%,dry_mass,none,1,2026-10-01T08:00:00
MD18 D17@505.50-506.44,BUSHVELD:SiO2_%,4.03,wt%,dry_mass,none,1,2026-10-01T08:00:00
MD18 D17@505.50-506.44,BUSHVELD:MgO_%,10.52,wt%,dry_mass,none,1,2026-10-01T08:00:00
MD18 D17@505.50-506.44,BUSHVELD:Al2O3_%,14.45,wt%,dry_mass,none,1,2026-10-01T08:00:00
MD18 D17@505.50-506.44,BUSHVELD:CaO_%,0.5,wt%,dry_mass,none,1,2026-10-01T08:00:00
MD18 D5@503.00-503.96,BUSHVELD:Cr2O3_%,40.36,wt%,dry_mass,none,1,2026-10-01T08:00:00
MD18 D5@503.00-503.96,BUSHVELD:FeO_%,25.85,wt%,dry_mass,none,1,2026-10-01T08:00:00
MD18 D5@503.00-503.96,BUSHVELD:SiO2_%,5.95,wt%,dry_mass,none,1,2026-10-01T08:00:00
MD18 D5@503.00-503.96,BUSHVELD:MgO_%,10.72,wt%,dry_mass,none,1,2026-10-01T08:00:00
MD18 D5@503.00-503.96,BUSHVELD:Al2O3_%,13.57,wt%,dry_mass,none,1,2026-10-01T08:00:00
MD18 D5@503.00-503.96,BUSHVELD:CaO_%,1.31,wt%,dry_mass,none,1,2026-10-01T08:00:00
MD18 D6@505.81-506.79,BUSHVELD:Cr2O3_%,42.98,wt%,dry_mass,none,1,2026-10-01T08:00:00
MD18 D6@505.81-506.79,BUSHVELD:FeO_%,26.55,wt%,dry_mass,none,1,2026-10-01T08:00:00
MD18 D6@505.81-506.79,BUSHVELD:SiO2_%,4.55,wt%,dry_mass,none,1,2026-10-01T08:00:00
MD18 D6@505.81-506.79,BUSHVELD:MgO_%,10.41,wt%,dry_mass,none,1,2026-10-01T08:00:00
MD18 D6@505.81-506.79,BUSHVELD:Al2O3_%,14.0,wt%,dry_mass,none,1,2026-10-01T08:00:00
MD18 D6@505.81-506.79,BUSHVELD:CaO_%,0.56,wt%,dry_mass,none,1,2026-10-01T08:00:00
RD02B@32.66-33.56,BUSHVELD:Cr2O3_%,39.88,wt%,dry_mass,none,1,2026-10-01T08:00:00
RD02B@32.66-33.56,BUSHVELD:FeO_%,24.98,wt%,dry_mass,none,1,2026-10-01T08:00:00
RD02B@32.66-33.56,BUSHVELD:SiO2_%,3.79,wt%,dry_mass,none,1,2026-10-01T08:00:00
RD02B@32.66-33.56,BUSHVELD:MgO_%,9.04,wt%,dry_mass,none,1,2026-10-01T08:00:00
RD02B@32.66-33.56,BUSHVELD:Al2O3_%,13.4,wt%,dry_mass,none,1,2026-10-01T08:00:00
RD02B@32.66-33.56,BUSHVELD:CaO_%,2.02,wt%,dry_mass,none,1,2026-10-01T08:00:00
RD03@33.06-33.89,BUSHVELD:Cr2O3_%,35.39,wt%,dry_mass,none,1,2026-10-01T08:00:00
RD03@33.06-33.89,BUSHVELD:FeO_%,25.78,wt%,dry_mass,none,1,2026-10-01T08:00:00
RD03@33.06-33.89,BUSHVELD:SiO2_%,5.42,wt%,dry_mass,none,1,2026-10-01T08:00:00
RD03@33.06-33.89,BUSHVELD:MgO_%,9.93,wt%,dry_mass,none,1,2026-10-01T08:00:00
RD03@33.06-33.89,BUSHVELD:Al2O3_%,13.69,wt%,dry_mass,none,1,2026-10-01T08:00:00
RD03@33.06-33.89,BUSHVELD:CaO_%,3.19,wt%,dry_mass,none,1,2026-10-01T08:00:00
RD04@19.05-19.45,BUSHVELD:Cr2O3_%,43.14,wt%,dry_mass,none,1,2026-10-01T08:00:00
RD04@19.05-19.45,BUSHVELD:FeO_%,26.86,wt%,dry_mass,none,1,2026-10-01T08:00:00
RD04@19.05-19.45,BUSHVELD:SiO2_%,4.28,wt%,dry_mass,none,1,2026-10-01T08:00:00
RD04@19.05-19.45,BUSHVELD:MgO_%,10.05,wt%,dry_mass,none,1,2026-10-01T08:00:00
RD04@19.05-19.45,BUSHVELD:Al2O3_%,14.26,wt%,dry_mass,none,1,2026-10-01T08:00:00
RD04@19.05-19.45,BUSHVELD:CaO_%,0.5,wt%,dry_mass,none,1,2026-10-01T08:00:00
RD08@17.44-18.38,BUSHVELD:Cr2O3_%,28.77,wt%,dry_mass,none,1,2026-10-01T08:00:00
RD08@17.44-18.38,BUSHVELD:FeO_%,23.16,wt%,dry_mass,none,1,2026-10-01T08:00:00
RD08@17.44-18.38,BUSHVELD:SiO2_%,8.76,wt%,dry_mass,none,1,2026-10-01T08:00:00
RD08@17.44-18.38,BUSHVELD:MgO_%,9.9,wt%,dry_mass,none,1,2026-10-01T08:00:00
RD08@17.44-18.38,BUSHVELD:Al2O3_%,11.95,wt%,dry_mass,none,1,2026-10-01T08:00:00
RD08@17.44-18.38,BUSHVELD:CaO_%,7.53,wt%,dry_mass,none,1,2026-10-01T08:00:00
SC04 D1@244.69-245.57,BUSHVELD:Cr2O3_%,43.89,wt%,dry_mass,none,1,2026-10-01T08:00:00
SC04 D1@244.69-245.57,BUSHVELD:FeO_%,25.67,wt%,dry_mass,none,1,2026-10-01T08:00:00
SC04 D1@244.69-245.57,BUSHVELD:SiO2_%,1.71,wt%,dry_mass,none,1,2026-10-01T08:00:00
SC04 D1@244.69-245.57,BUSHVELD:MgO_%,10.45,wt%,dry_mass,none,1,2026-10-01T08:00:00
SC04 D1@244.69-245.57,BUSHVELD:Al2O3_%,15.15,wt%,dry_mass,none,1,2026-10-01T08:00:00
SC04 D1@244.69-245.57,BUSHVELD:CaO_%,0.24,wt%,dry_mass,none,1,2026-10-01T08:00:00
SC05 D1@398.50-398.72,BUSHVELD:Cr2O3_%,45.45,wt%,dry_mass,none,1,2026-10-01T08:00:00
SC05 D1@398.50-398.72,BUSHVELD:FeO_%,26.45,wt%,dry_mass,none,1,2026-10-01T08:00:00
SC05 D1@398.50-398.72,BUSHVELD:SiO2_%,1.57,wt%,dry_mass,none,1,2026-10-01T08:00:00
SC05 D1@398.50-398.72,BUSHVELD:MgO_%,9.63,wt%,dry_mass,none,1,2026-10-01T08:00:00
SC05 D1@398.50-398.72,BUSHVELD:Al2O3_%,14.88,wt%,dry_mass,none,1,2026-10-01T08:00:00
SC05 D1@398.50-398.72,BUSHVELD:CaO_%,0.18,wt%,dry_mass,none,1,2026-10-01T08:00:00
SC06 D1@413.40-414.41,BUSHVELD:Cr2O3_%,43.85,wt%,dry_mass,none,1,2026-10-01T08:00:00
SC06 D1@413.40-414.41,BUSHVELD:FeO_%,25.99,wt%,dry_mass,none,1,2026-10-01T08:00:00
SC06 D1@413.40-414.41,BUSHVELD:SiO2_%,1.4,wt%,dry_mass,none,1,2026-10-01T08:00:00
SC06 D1@413.40-414.41,BUSHVELD:MgO_%,9.8,wt%,dry_mass,none,1,2026-10-01T08:00:00
SC06 D1@413.40-414.41,BUSHVELD:Al2O3_%,15.01,wt%,dry_mass,none,1,2026-10-01T08:00:00
SC06 D1@413.40-414.41,BUSHVELD:CaO_%,0.28,wt%,dry_mass,none,1,2026-10-01T08:00:00
SC07 D1@376.67-376.90,BUSHVELD:Cr2O3_%,43.78,wt%,dry_mass,none,1,2026-10-01T08:00:00
SC07 D1@376.67-376.90,BUSHVELD:FeO_%,25.15,wt%,dry_mass,none,1,2026-10-01T08:00:00
SC07 D1@376.67-376.90,BUSHVELD:SiO2_%,2.48,wt%,dry_mass,none,1,2026-10-01T08:00:00
SC07 D1@376.67-376.90,BUSHVELD:MgO_%,10.27,wt%,dry_mass,none,1,2026-10-01T08:00:00
SC07 D1@376.67-376.90,BUSHVELD:Al2O3_%,15.16,wt%,dry_mass,none,1,2026-10-01T08:00:00
SC07 D1@376.67-376.90,BUSHVELD:CaO_%,0.28,wt%,dry_mass,none,1,2026-10-01T08:00:00
SC08 D2@423.00-423.92,BUSHVELD:Cr2O3_%,48.0,wt%,dry_mass,none,1,2026-10-01T08:00:00
SC08 D2@423.00-423.92,BUSHVELD:FeO_%,25.22,wt%,dry_mass,none,1,2026-10-01T08:00:00
SC08 D2@423.00-423.92,BUSHVELD:SiO2_%,2.14,wt%,dry_mass,none,1,2026-10-01T08:00:00
SC08 D2@423.00-423.92,BUSHVELD:MgO_%,9.83,wt%,dry_mass,none,1,2026-10-01T08:00:00
SC08 D2@423.00-423.92,BUSHVELD:Al2O3_%,14.93,wt%,dry_mass,none,1,2026-10-01T08:00:00
SC08 D2@423.00-423.92,BUSHVELD:CaO_%,0.27,wt%,dry_mass,none,1,2026-10-01T08:00:00
SC09 D1@426.12-427.11,BUSHVELD:Cr2O3_%,47.19,wt%,dry_mass,none,1,2026-10-01T08:00:00
SC09 D1@426.12-427.11,BUSHVELD:FeO_%,25.8,wt%,dry_mass,none,1,2026-10-01T08:00:00
SC09 D1@426.12-427.11,BUSHVELD:SiO2_%,2.28,wt%,dry_mass,none,1,2026-10-01T08:00:00
SC09 D1@426.12-427.11,BUSHVELD:MgO_%,9.9,wt%,dry_mass,none,1,2026-10-01T08:00:00
SC09 D1@426.12-427.11,BUSHVELD:Al2O3_%,14.85,wt%,dry_mass,none,1,2026-10-01T08:00:00
SC09 D1@426.12-427.11,BUSHVELD:CaO_%,0.26,wt%,dry_mass,none,1,2026-10-01T08:00:00
SC10 D1@238.49-239.39,BUSHVELD:Cr2O3_%,45.13,wt%,dry_mass,none,1,2026-10-01T08:00:00
SC10 D1@238.49-239.39,BUSHVELD:FeO_%,25.62,wt%,dry_mass,none,1,2026-10-01T08:00:00
SC10 D1@238.49-239.39,BUSHVELD:SiO2_%,2.61,wt%,dry_mass,none,1,2026-10-01T08:00:00
SC10 D1@238.49-239.39,BUSHVELD:MgO_%,10.42,wt%,dry_mass,none,1,2026-10-01T08:00:00
SC10 D1@238.49-239.39,BUSHVELD:Al2O3_%,14.81,wt%,dry_mass,none,1,2026-10-01T08:00:00
SC10 D1@238.49-239.39,BUSHVELD:CaO_%,0.28,wt%,dry_mass,none,1,2026-10-01T08:00:00
SC11 D1@242.09-243.08,BUSHVELD:Cr2O3_%,43.91,wt%,dry_mass,none,1,2026-10-01T08:00:00
SC11 D1@242.09-243.08,BUSHVELD:FeO_%,24.05,wt%,dry_mass,none,1,2026-10-01T08:00:00
SC11 D1@242.09-243.08,BUSHVELD:SiO2_%,2.75,wt%,dry_mass,none,1,2026-10-01T08:00:00
SC11 D1@242.09-243.08,BUSHVELD:MgO_%,10.05,wt%,dry_mass,none,1,2026-10-01T08:00:00
SC11 D1@242.09-243.08,BUSHVELD:Al2O3_%,14.17,wt%,dry_mass,none,1,2026-10-01T08:00:00
SC11 D1@242.09-243.08,BUSHVELD:CaO_%,0.27,wt%,dry_mass,none,1,2026-10-01T08:00:00
SC12 D1@402.20-403.53,BUSHVELD:Cr2O3_%,45.2,wt%,dry_mass,none,1,2026-10-01T08:00:00
SC12 D1@402.20-403.53,BUSHVELD:FeO_%,26.21,wt%,dry_mass,none,1,2026-10-01T08:00:00
SC12 D1@402.20-403.53,BUSHVELD:SiO2_%,2.26,wt%,dry_mass,none,1,2026-10-01T08:00:00
SC12 D1@402.20-403.53,BUSHVELD:MgO_%,10.45,wt%,dry_mass,none,1,2026-10-01T08:00:00
SC12 D1@402.20-403.53,BUSHVELD:Al2O3_%,14.47,wt%,dry_mass,none,1,2026-10-01T08:00:00
SC12 D1@402.20-403.53,BUSHVELD:CaO_%,0.15,wt%,dry_mass,none,1,2026-10-01T08:00:00
SC13 D1@429.69-430.64,BUSHVELD:Cr2O3_%,43.71,wt%,dry_mass,none,1,2026-10-01T08:00:00
SC13 D1@429.69-430.64,BUSHVELD:FeO_%,25.24,wt%,dry_mass,none,1,2026-10-01T08:00:00
SC13 D1@429.69-430.64,BUSHVELD:SiO2_%,1.81,wt%,dry_mass,none,1,2026-10-01T08:00:00
SC13 D1@429.69-430.64,BUSHVELD:MgO_%,10.54,wt%,dry_mass,none,1,2026-10-01T08:00:00
SC13 D1@429.69-430.64,BUSHVELD:Al2O3_%,15.09,wt%,dry_mass,none,1,2026-10-01T08:00:00
SC13 D1@429.69-430.64,BUSHVELD:CaO_%,0.21,wt%,dry_mass,none,1,2026-10-01T08:00:00
SC14 D1@344.40-345.23,BUSHVELD:Cr2O3_%,44.14,wt%,dry_mass,none,1,2026-10-01T08:00:00
SC14 D1@344.40-345.23,BUSHVELD:FeO_%,25.24,wt%,dry_mass,none,1,2026-10-01T08:00:00
SC14 D1@344.40-345.23,BUSHVELD:SiO2_%,3.87,wt%,dry_mass,none,1,2026-10-01T08:00:00
SC14 D1@344.40-345.23,BUSHVELD:MgO_%,10.36,wt%,dry_mass,none,1,2026-10-01T08:00:00
SC14 D1@344.40-345.23,BUSHVELD:Al2O3_%,14.64,wt%,dry_mass,none,1,2026-10-01T08:00:00
SC14 D1@344.40-345.23,BUSHVELD:CaO_%,0.33,wt%,dry_mass,none,1,2026-10-01T08:00:00
SC15 D1@338.74-339.74,BUSHVELD:Cr2O3_%,46.17,wt%,dry_mass,none,1,2026-10-01T08:00:00
SC15 D1@338.74-339.74,BUSHVELD:FeO_%,25.48,wt%,dry_mass,none,1,2026-10-01T08:00:00
SC15 D1@338.74-339.74,BUSHVELD:SiO2_%,1.66,wt%,dry_mass,none,1,2026-10-01T08:00:00
SC15 D1@338.74-339.74,BUSHVELD:MgO_%,10.63,wt%,dry_mass,none,1,2026-10-01T08:00:00
SC15 D1@338.74-339.74,BUSHVELD:Al2O3_%,15.11,wt%,dry_mass,none,1,2026-10-01T08:00:00
SC15 D1@338.74-339.74,BUSHVELD:CaO_%,0.22,wt%,dry_mass,none,1,2026-10-01T08:00:00
SC16 D2@347.67-348.58,BUSHVELD:Cr2O3_%,46.37,wt%,dry_mass,none,1,2026-10-01T08:00:00
SC16 D2@347.67-348.58,BUSHVELD:FeO_%,26.24,wt%,dry_mass,none,1,2026-10-01T08:00:00
SC16 D2@347.67-348.58,BUSHVELD:SiO2_%,2.19,wt%,dry_mass,none,1,2026-10-01T08:00:00
SC16 D2@347.67-348.58,BUSHVELD:MgO_%,10.12,wt%,dry_mass,none,1,2026-10-01T08:00:00
SC16 D2@347.67-348.58,BUSHVELD:Al2O3_%,14.92,wt%,dry_mass,none,1,2026-10-01T08:00:00
SC16 D2@347.67-348.58,BUSHVELD:CaO_%,0.26,wt%,dry_mass,none,1,2026-10-01T08:00:00
SC17 D1@230.42-231.41,BUSHVELD:Cr2O3_%,44.59,wt%,dry_mass,none,1,2026-10-01T08:00:00
SC17 D1@230.42-231.41,BUSHVELD:FeO_%,25.83,wt%,dry_mass,none,1,2026-10-01T08:00:00
SC17 D1@230.42-231.41,BUSHVELD:SiO2_%,2.45,wt%,dry_mass,none,1,2026-10-01T08:00:00
SC17 D1@230.42-231.41,BUSHVELD:MgO_%,10.19,wt%,dry_mass,none,1,2026-10-01T08:00:00
SC17 D1@230.42-231.41,BUSHVELD:Al2O3_%,14.95,wt%,dry_mass,none,1,2026-10-01T08:00:00
SC17 D1@230.42-231.41,BUSHVELD:CaO_%,0.3,wt%,dry_mass,none,1,2026-10-01T08:00:00
SC18 D1@338.71-339.58,BUSHVELD:Cr2O3_%,44.83,wt%,dry_mass,none,1,2026-10-01T08:00:00
SC18 D1@338.71-339.58,BUSHVELD:FeO_%,25.5,wt%,dry_mass,none,1,2026-10-01T08:00:00
SC18 D1@338.71-339.58,BUSHVELD:SiO2_%,2.15,wt%,dry_mass,none,1,2026-10-01T08:00:00
SC18 D1@338.71-339.58,BUSHVELD:MgO_%,10.02,wt%,dry_mass,none,1,2026-10-01T08:00:00
SC18 D1@338.71-339.58,BUSHVELD:Al2O3_%,14.93,wt%,dry_mass,none,1,2026-10-01T08:00:00
SC18 D1@338.71-339.58,BUSHVELD:CaO_%,0.29,wt%,dry_mass,none,1,2026-10-01T08:00:00
SC19 D2@351.25-352.19,BUSHVELD:Cr2O3_%,45.51,wt%,dry_mass,none,1,2026-10-01T08:00:00
SC19 D2@351.25-352.19,BUSHVELD:FeO_%,25.48,wt%,dry_mass,none,1,2026-10-01T08:00:00
SC19 D2@351.25-352.19,BUSHVELD:SiO2_%,2.09,wt%,dry_mass,none,1,2026-10-01T08:00:00
SC19 D2@351.25-352.19,BUSHVELD:MgO_%,10.29,wt%,dry_mass,none,1,2026-10-01T08:00:00
SC19 D2@351.25-352.19,BUSHVELD:Al2O3_%,15.21,wt%,dry_mass,none,1,2026-10-01T08:00:00
SC19 D2@351.25-352.19,BUSHVELD:CaO_%,0.29,wt%,dry_mass,none,1,2026-10-01T08:00:00
SC20 D2@157.13-158.10,BUSHVELD:Cr2O3_%,45.0,wt%,dry_mass,none,1,2026-10-01T08:00:00
SC20 D2@157.13-158.10,BUSHVELD:FeO_%,26.21,wt%,dry_mass,none,1,2026-10-01T08:00:00
SC20 D2@157.13-158.10,BUSHVELD:SiO2_%,2.18,wt%,dry_mass,none,1,2026-10-01T08:00:00
SC20 D2@157.13-158.10,BUSHVELD:MgO_%,10.15,wt%,dry_mass,none,1,2026-10-01T08:00:00
SC20 D2@157.13-158.10,BUSHVELD:Al2O3_%,14.99,wt%,dry_mass,none,1,2026-10-01T08:00:00
SC20 D2@157.13-158.10,BUSHVELD:CaO_%,0.24,wt%,dry_mass,none,1,2026-10-01T08:00:00
SC21 D1@178.04-178.77,BUSHVELD:Cr2O3_%,45.62,wt%,dry_mass,none,1,2026-10-01T08:00:00
SC21 D1@178.04-178.77,BUSHVELD:FeO_%,24.49,wt%,dry_mass,none,1,2026-10-01T08:00:00
SC21 D1@178.04-178.77,BUSHVELD:SiO2_%,3.42,wt%,dry_mass,none,1,2026-10-01T08:00:00
SC21 D1@178.04-178.77,BUSHVELD:MgO_%,11.22,wt%,dry_mass,none,1,2026-10-01T08:00:00
SC21 D1@178.04-178.77,BUSHVELD:Al2O3_%,14.73,wt%,dry_mass,none,1,2026-10-01T08:00:00
SC21 D1@178.04-178.77,BUSHVELD:CaO_%,0.3,wt%,dry_mass,none,1,2026-10-01T08:00:00
SC22 D1@160.99-161.93,BUSHVELD:Cr2O3_%,0.3,wt%,dry_mass,none,1,2026-10-01T08:00:00
SC22 D1@160.99-161.93,BUSHVELD:FeO_%,7.01,wt%,dry_mass,none,1,2026-10-01T08:00:00
SC22 D1@160.99-161.93,BUSHVELD:SiO2_%,51.44,wt%,dry_mass,none,1,2026-10-01T08:00:00
SC22 D1@160.99-161.93,BUSHVELD:MgO_%,11.46,wt%,dry_mass,none,1,2026-10-01T08:00:00
SC22 D1@160.99-161.93,BUSHVELD:Al2O3_%,21.49,wt%,dry_mass,none,1,2026-10-01T08:00:00
SC22 D1@160.99-161.93,BUSHVELD:CaO_%,6.2,wt%,dry_mass,none,1,2026-10-01T08:00:00
SC23 D1@158.28-159.20,BUSHVELD:Cr2O3_%,44.18,wt%,dry_mass,none,1,2026-10-01T08:00:00
SC23 D1@158.28-159.20,BUSHVELD:FeO_%,25.21,wt%,dry_mass,none,1,2026-10-01T08:00:00
SC23 D1@158.28-159.20,BUSHVELD:SiO2_%,3.14,wt%,dry_mass,none,1,2026-10-01T08:00:00
SC23 D1@158.28-159.20,BUSHVELD:MgO_%,10.69,wt%,dry_mass,none,1,2026-10-01T08:00:00
SC23 D1@158.28-159.20,BUSHVELD:Al2O3_%,14.97,wt%,dry_mass,none,1,2026-10-01T08:00:00
SC23 D1@158.28-159.20,BUSHVELD:CaO_%,0.3,wt%,dry_mass,none,1,2026-10-01T08:00:00
SC24 D1@156.93-157.86,BUSHVELD:Cr2O3_%,43.57,wt%,dry_mass,none,1,2026-10-01T08:00:00
SC24 D1@156.93-157.86,BUSHVELD:FeO_%,24.62,wt%,dry_mass,none,1,2026-10-01T08:00:00
SC24 D1@156.93-157.86,BUSHVELD:SiO2_%,2.5,wt%,dry_mass,none,1,2026-10-01T08:00:00
SC24 D1@156.93-157.86,BUSHVELD:MgO_%,9.85,wt%,dry_mass,none,1,2026-10-01T08:00:00
SC24 D1@156.93-157.86,BUSHVELD:Al2O3_%,14.58,wt%,dry_mass,none,1,2026-10-01T08:00:00
SC24 D1@156.93-157.86,BUSHVELD:CaO_%,0.25,wt%,dry_mass,none,1,2026-10-01T08:00:00
SC25 D1@145.83-146.70,BUSHVELD:Cr2O3_%,44.02,wt%,dry_mass,none,1,2026-10-01T08:00:00
SC25 D1@145.83-146.70,BUSHVELD:FeO_%,25.61,wt%,dry_mass,none,1,2026-10-01T08:00:00
SC25 D1@145.83-146.70,BUSHVELD:SiO2_%,2.46,wt%,dry_mass,none,1,2026-10-01T08:00:00
SC25 D1@145.83-146.70,BUSHVELD:MgO_%,10.16,wt%,dry_mass,none,1,2026-10-01T08:00:00
SC25 D1@145.83-146.70,BUSHVELD:Al2O3_%,14.83,wt%,dry_mass,none,1,2026-10-01T08:00:00
SC25 D1@145.83-146.70,BUSHVELD:CaO_%,0.3,wt%,dry_mass,none,1,2026-10-01T08:00:00
SC26 D1@329.19-330.33,BUSHVELD:Cr2O3_%,43.94,wt%,dry_mass,none,1,2026-10-01T08:00:00
SC26 D1@329.19-330.33,BUSHVELD:FeO_%,25.89,wt%,dry_mass,none,1,2026-10-01T08:00:00
SC26 D1@329.19-330.33,BUSHVELD:SiO2_%,2.34,wt%,dry_mass,none,1,2026-10-01T08:00:00
SC26 D1@329.19-330.33,BUSHVELD:MgO_%,10.32,wt%,dry_mass,none,1,2026-10-01T08:00:00
SC26 D1@329.19-330.33,BUSHVELD:Al2O3_%,15.06,wt%,dry_mass,none,1,2026-10-01T08:00:00
SC26 D1@329.19-330.33,BUSHVELD:CaO_%,0.3,wt%,dry_mass,none,1,2026-10-01T08:00:00
SC27 D2@222.54-223.56,BUSHVELD:Cr2O3_%,43.26,wt%,dry_mass,none,1,2026-10-01T08:00:00
SC27 D2@222.54-223.56,BUSHVELD:FeO_%,23.95,wt%,dry_mass,none,1,2026-10-01T08:00:00
SC27 D2@222.54-223.56,BUSHVELD:SiO2_%,5.77,wt%,dry_mass,none,1,2026-10-01T08:00:00
SC27 D2@222.54-223.56,BUSHVELD:MgO_%,10.72,wt%,dry_mass,none,1,2026-10-01T08:00:00
SC27 D2@222.54-223.56,BUSHVELD:Al2O3_%,16.17,wt%,dry_mass,none,1,2026-10-01T08:00:00
SC27 D2@222.54-223.56,BUSHVELD:CaO_%,0.27,wt%,dry_mass,none,1,2026-10-01T08:00:00
SC28A D2@323.51-324.53,BUSHVELD:Cr2O3_%,44.84,wt%,dry_mass,none,1,2026-10-01T08:00:00
SC28A D2@323.51-324.53,BUSHVELD:FeO_%,25.34,wt%,dry_mass,none,1,2026-10-01T08:00:00
SC28A D2@323.51-324.53,BUSHVELD:SiO2_%,0.27,wt%,dry_mass,none,1,2026-10-01T08:00:00
SC28A D2@323.51-324.53,BUSHVELD:MgO_%,11.28,wt%,dry_mass,none,1,2026-10-01T08:00:00
SC28A D2@323.51-324.53,BUSHVELD:Al2O3_%,15.38,wt%,dry_mass,none,1,2026-10-01T08:00:00
SC28A D2@323.51-324.53,BUSHVELD:CaO_%,0.26,wt%,dry_mass,none,1,2026-10-01T08:00:00
SC29 D1@242.05-243.03,BUSHVELD:Cr2O3_%,44.44,wt%,dry_mass,none,1,2026-10-01T08:00:00
SC29 D1@242.05-243.03,BUSHVELD:FeO_%,25.47,wt%,dry_mass,none,1,2026-10-01T08:00:00
SC29 D1@242.05-243.03,BUSHVELD:SiO2_%,2.44,wt%,dry_mass,none,1,2026-10-01T08:00:00
SC29 D1@242.05-243.03,BUSHVELD:MgO_%,10.51,wt%,dry_mass,none,1,2026-10-01T08:00:00
SC29 D1@242.05-243.03,BUSHVELD:Al2O3_%,15.47,wt%,dry_mass,none,1,2026-10-01T08:00:00
SC29 D1@242.05-243.03,BUSHVELD:CaO_%,0.22,wt%,dry_mass,none,1,2026-10-01T08:00:00
SC30 D1@162.92-163.96,BUSHVELD:Cr2O3_%,44.27,wt%,dry_mass,none,1,2026-10-01T08:00:00
SC30 D1@162.92-163.96,BUSHVELD:FeO_%,25.78,wt%,dry_mass,none,1,2026-10-01T08:00:00
SC30 D1@162.92-163.96,BUSHVELD:SiO2_%,3.04,wt%,dry_mass,none,1,2026-10-01T08:00:00
SC30 D1@162.92-163.96,BUSHVELD:MgO_%,10.49,wt%,dry_mass,none,1,2026-10-01T08:00:00
SC30 D1@162.92-163.96,BUSHVELD:Al2O3_%,15.9,wt%,dry_mass,none,1,2026-10-01T08:00:00
SC30 D1@162.92-163.96,BUSHVELD:CaO_%,0.24,wt%,dry_mass,none,1,2026-10-01T08:00:00
SC31 D1@246.76-247.69,BUSHVELD:Cr2O3_%,47.58,wt%,dry_mass,none,1,2026-10-01T08:00:00
SC31 D1@246.76-247.69,BUSHVELD:FeO_%,25.09,wt%,dry_mass,none,1,2026-10-01T08:00:00
SC31 D1@246.76-247.69,BUSHVELD:SiO2_%,2.2,wt%,dry_mass,none,1,2026-10-01T08:00:00
SC31 D1@246.76-247.69,BUSHVELD:MgO_%,10.23,wt%,dry_mass,none,1,2026-10-01T08:00:00
SC31 D1@246.76-247.69,BUSHVELD:Al2O3_%,14.7,wt%,dry_mass,none,1,2026-10-01T08:00:00
SC31 D1@246.76-247.69,BUSHVELD:CaO_%,0.21,wt%,dry_mass,none,1,2026-10-01T08:00:00
SC32 D2@146.49-147.89,BUSHVELD:Cr2O3_%,44.86,wt%,dry_mass,none,1,2026-10-01T08:00:00
SC32 D2@146.49-147.89,BUSHVELD:FeO_%,25.1,wt%,dry_mass,none,1,2026-10-01T08:00:00
SC32 D2@146.49-147.89,BUSHVELD:SiO2_%,2.69,wt%,dry_mass,none,1,2026-10-01T08:00:00
SC32 D2@146.49-147.89,BUSHVELD:MgO_%,10.54,wt%,dry_mass,none,1,2026-10-01T08:00:00
SC32 D2@146.49-147.89,BUSHVELD:Al2O3_%,15.05,wt%,dry_mass,none,1,2026-10-01T08:00:00
SC32 D2@146.49-147.89,BUSHVELD:CaO_%,0.31,wt%,dry_mass,none,1,2026-10-01T08:00:00
SC33 D1@300.75-301.62,BUSHVELD:Cr2O3_%,47.26,wt%,dry_mass,none,1,2026-10-01T08:00:00
SC33 D1@300.75-301.62,BUSHVELD:FeO_%,25.79,wt%,dry_mass,none,1,2026-10-01T08:00:00
SC33 D1@300.75-301.62,BUSHVELD:SiO2_%,1.93,wt%,dry_mass,none,1,2026-10-01T08:00:00
SC33 D1@300.75-301.62,BUSHVELD:MgO_%,10.16,wt%,dry_mass,none,1,2026-10-01T08:00:00
SC33 D1@300.75-301.62,BUSHVELD:Al2O3_%,14.95,wt%,dry_mass,none,1,2026-10-01T08:00:00
SC33 D1@300.75-301.62,BUSHVELD:CaO_%,0.29,wt%,dry_mass,none,1,2026-10-01T08:00:00
